{"cameraMode":{"drawMode":0,"name":"Shaded","section":"Shading Mode"},"sceneLighting":false,"audioPlay":false,"sceneViewState":{"m_AlwaysRefresh":false,"showFog":true,"showSkybox":false,"showFlares":true,"showImageEffects":true,"showParticleSystems":true,"showVisualEffectGraphs":true,"m_FxEnabled":true},"in2DMode":false,"pivot":{"x":0.6232801675796509,"y":0.7422638535499573,"z":0.3849181532859802},"rotation":{"x":0.3299422860145569,"y":-0.20665490627288819,"z":0.07426631450653076,"w":0.9181069731712341},"size":1.7676037549972535,"orthographic":false}