{"cameraMode":{"drawMode":0,"name":"Shaded","section":"Shading Mode"},"sceneLighting":false,"audioPlay":false,"sceneViewState":{"m_AlwaysRefresh":false,"showFog":true,"showSkybox":false,"showFlares":true,"showImageEffects":true,"showParticleSystems":true,"showVisualEffectGraphs":true,"m_FxEnabled":true},"in2DMode":false,"pivot":{"x":0.020441055297851564,"y":0.7635954022407532,"z":0.3753812909126282},"rotation":{"x":-0.25742045044898989,"y":-0.6858949661254883,"z":0.2858099639415741,"w":-0.6177962422370911},"size":1.3815160989761353,"orthographic":false}