{"cameraMode":{"drawMode":0,"name":"Shaded","section":"Shading Mode"},"sceneLighting":false,"audioPlay":false,"sceneViewState":{"m_AlwaysRefresh":false,"showFog":true,"showSkybox":false,"showFlares":true,"showImageEffects":true,"showParticleSystems":true,"showVisualEffectGraphs":true,"m_FxEnabled":true},"in2DMode":false,"pivot":{"x":0.0005393624305725098,"y":-0.006631433963775635,"z":0.0007823705673217773},"rotation":{"x":0.2628213167190552,"y":0.35927504301071169,"z":-0.10619109869003296,"w":0.889160692691803},"size":0.9097893238067627,"orthographic":false}