{"cameraMode":{"drawMode":0,"name":"Shaded","section":"Shading Mode"},"sceneLighting":false,"audioPlay":false,"sceneViewState":{"m_AlwaysRefresh":false,"showFog":true,"showSkybox":false,"showFlares":true,"showImageEffects":true,"showParticleSystems":true,"showVisualEffectGraphs":true,"m_FxEnabled":true},"in2DMode":false,"pivot":{"x":4.307215690612793,"y":0.7685614228248596,"z":0.16381463408470155},"rotation":{"x":0.2628213167190552,"y":0.35927504301071169,"z":-0.10619109869003296,"w":0.889160692691803},"size":1.5604708194732667,"orthographic":false}